Domain,Administration,Type,UptimeApiKey
beta.gouv.fr,Incubateur Services Numeriques,website,m777746220-4704db944943c13d2cab3724
verif.site,Incubateur Services Numeriques,website,m778110600-fbbe687aa8bfced5d2509a36
boussole.beta.gouv.fr,Incubateur Services Numeriques,website,m778110606-a5580838fe62596d8a02140d
pix.beta.gouv.fr,Incubateur Services Numeriques,website,m778110609-de41ba4bd2d26f628358de29
api.gouv.fr,Incubateur Services Numeriques,website,m777746224-7732f7b11c0eca731a89f7bb
mdph.beta.gouv.fr,Incubateur Services Numeriques,website,m778110615-05842e5e75c59a4c26d9b7f0
openacademie.beta.gouv.fr,Incubateur Services Numeriques,website,m778110618-4e9260ab1168d697aa2659b7
bourse.beta.gouv.fr,Incubateur Services Numeriques,website,m778110619-183b0720bc70de8567d4d41f
embauche.beta.gouv.fr,Incubateur Services Numeriques,website,m778110620-85c10883a48c87e109ac0bd5
geo.data.gouv.fr,Etalab,website,m778017311-63935c4f1d02db47e0c28163
apicarto.sgmap.fr,Etalab,api,m777776475-6f467ff0860f837cb0ca261f
cadastre.data.gouv.fr,Etalab,website,m779790552-ea08842d27564cea58713be7
mes-aides.gouv.fr,Incubateur Services Numeriques,website,m777902107-9d1813e80cd084bd5da6c721
geo.api.gouv.fr,Etalab,api,m777757460-b370747dc35dd1449257a3a8
particulier.api.gouv.fr,Incubateur Services Numeriques,api,m777746213-3831088d01eb92e6605ff06f
api.apientreprise.fr,Incubateur Services Numeriques,api,m778056728-566aca76722778e8aec50039
mps.apientreprise.fr,Incubateur Services Numeriques,website,m778110627-8da21bab548d261979074735
tps.apientreprise.fr,Incubateur Services Numeriques,website,m778110628-7db48bec6811f36177adfb01
api.taxi,Incubateur Services Numeriques,api,m778110630-1d88da2cb496db7b792b0469
le.taxi,Incubateur Services Numeriques,website,m778110632-4e2461932f87cf63f1868d41
data.gouv.fr,Etalab,website,m778017611-b132c638fe05b249fc00eee7
adresse.data.gouv.fr,Etalab,website,m778110633-c0277b3f9cf4afd145b86c5d
api-adresse.data.gouv.fr,Etalab,api,m778110635-6e2474f8f883152bdca45cee
cada.data.gouv.fr,Etalab,website,m778110636-83e2662b1daa26c043c2270c
openfisca.fr,Etalab,website,m778110638-fa99a7a61a83bc99969bf3aa
api.openfisca.fr,Etalab,api,m778110639-acf959682848a01cae69f7ca
franceconnect.gouv.fr,DINSIC,website,m778110641-2f18b099476c0446caadb2d4
app.franceconnect.gouv.fr,DINSIC,api,m778110642-297e042b7b2d10465d092c96
www.etalab.gouv.fr,Etalab,website,m778220995-6ccde5b777ac7150ebdab27a
agd.data.gouv.fr,Etalab,website,m778220997-a8b7ae78d0677015e7752629
check.data.gouv.fr,Etalab,website,m778456843-b3cb5fc2b3a4fb05a028cf42
sentry.data.gouv.fr,Etalab,website,m778456884-818f466a6c9b189994b6b480
id.data.gouv.fr,Etalab,website,m778476545-2993f6c21bc5fc5a0e42d09e
stats.data.gouv.fr,Etalab,website,m778476526-3848e6bfa9ed9fc6d3cb7b4b
labonneboite.pole-emploi.fr,Pole emploi,website
medicaments.api.gouv.fr,Incubateur Services Numeriques,api,m778820279-8d427caf5ac9e2129189aa5f
owncloud.data.gouv.fr, Etalab, website,
consultation.etalab.gouv.fr, Etalab, website,
ogpsummit.org, Etalab, website, 
